<?xml version="1.0" encoding="UTF-8"?>
<project-private xmlns="http://www.netbeans.org/ns/project-private/1">
    <editor-bookmarks xmlns="http://www.netbeans.org/ns/editor-bookmarks/2" lastBookmarkId="0"/>
    <open-files xmlns="http://www.netbeans.org/ns/projectui-open-files/2">
        <group>
            <file>file:/C:/Users/Nahom/Desktop/Project%20merid/Web_agrilink/nahom_agrilink/resources/views/home/contact.blade.php</file>
            <file>file:/C:/Users/Nahom/Desktop/Project%20merid/Web_agrilink/nahom_agrilink/public/css/ethio_main.css</file>
            <file>file:/C:/Users/Nahom/Desktop/Project%20merid/Web_agrilink/nahom_agrilink/public/css/contact.css</file>
            <file>file:/C:/Users/Nahom/Desktop/Project%20merid/Web_agrilink/nahom_agrilink/resources/views/home/index.blade.php</file>
            <file>file:/C:/Users/Nahom/Desktop/Project%20merid/Web_agrilink/nahom_agrilink/routes/web.php</file>
        </group>
    </open-files>
</project-private>
